{
    "best_coil_phase": [
        4.343781544636873,
        4.857281163183455,
        5.782020149333595,
        1.977501055972815,
        2.7166798045909086,
        3.1603303089193684,
        3.5618164511603947,
        3.9453749930519724
    ],
    "best_coil_amplitude": [
        0.6199989630203209,
        0.33980481213938885,
        0.17154199579239568,
        0.3152067437510078,
        0.6675965211173868,
        0.8176330063884756,
        0.9078676864364079,
        0.7764624596226503
    ],
    "best_coil_config_cost": 2.2357399748552416,
    "default_coil_config_cost": 1.6072329949668414,
    "cost_improvement_absolute": -0.6285069798884002,
    "cost_improvement_relative": 0.3910490774247494,
    "cost_function_name": "B1HomogeneityCost",
    "cost_function_direction": "maximize",
    "simulation_data": "children_1_tubes_6_id_23713"
}